Organisasjonsnummer;Navn;AntallAnsatte;Naeringskode;Organisasjonsform;BrregNavn;StatusCode;Status
810463902;E Berentsen AS;0;68.209;AS;;200;konkurs: False
810684402;BLOKKEN SKIPSVERFT EIENDOM AS;0;68.209;AS;;200;konkurs: False
811320862;KLINGVIG AS;0;68.209;AS;;200;konkurs: False
811445312;TRYGVE M ENGEBY AS;0;46.694;AS;;200;konkurs: False
811550582;CAMPUS 4 AS;0;68.209;AS;;200;konkurs: False
811564222;TORGHALLEN BODØ AS;0;68.320;AS;;200;konkurs: False
811573582;BY1BIL AS;0;45.320;AS;;200;konkurs: False
811576352;ØST BOLIGUTVIKLING AS;0;68.100;AS;;200;konkurs: False
811576662;VESTAKSEN SENTRUM AS;0;41.109;AS;;200;konkurs: False
811607002;ACEA DEVELOPMENT AS;3;68.209;AS;;200;konkurs: False
811613932;Axelar AS;5;70.220;AS;;200;konkurs: False
811620122;UTEPLASSEN.NO AS;5;47.919;AS;;200;konkurs: False
811661392;ØYNEBRÅTEN ANLEGGSTEKNIKK AS;19;43.120;AS;;200;konkurs: False
811717142;OLSEN AUTO JESSHEIM AS;9;45.200;AS;;200;konkurs: False
811727962;Storebotn Utleie AS;0;68.209;AS;;200;konkurs: False
811736252;STIFTELSEN SÆTRE GÅRD;17;56.101;STI;;200;konkurs: False
811738042;NESTTUNVEGEN 99 INVEST AS;0;68.209;AS;;200;konkurs: False
811765422;Skintonic Svolvær AS;5;47.750;AS;;200;konkurs: False
811767662;SFD TECHNOLOGY AS;0;71.129;AS;;200;konkurs: False
811780332;SIVILINGENIØR OLE HAMMARI AS;2;71.121;AS;;200;konkurs: False
811780812;PER OLE OSKAL;4;01.490;ENK;;200;konkurs: False
811783072;Lillebakk Holding AS;0;71.129;AS;;200;konkurs: False
811786322;Kunstmaler Lars Tveit AS;;;AS;;200; slettdato: 2021-11-15
811851612;KARLSAUNE MASKIN AS;1;43.120;AS;;200;konkurs: False
811855162;PLASSEN FLORØ AS;0;41.109;AS;;200;konkurs: False
811864722;BB GYM TROMSØ AS;0;85.510;AS;;200;konkurs: False
811867152;HANS-HENRIK FURULUND EIENDOM AS;0;68.209;AS;;200;konkurs: False
811868892;PK PAINTING POVILAS KASELIS;2;43.341;ENK;;200;konkurs: False
811880132;DIAMOND ROAD MUSIC AS;1;90.011;AS;;200;konkurs: False
811903922;ECONOMICA AS;0;70.220;AS;;200;konkurs: False
811927392;DANIELSEN EL-SUPORT V/JARLE BERNT DANIELSEN;0;71.129;ENK;;200;konkurs: False
811932892;SALTENS DAMP EIENDOM AS;0;68.209;AS;;200;konkurs: False
811956732;RØKENES GÅRD & GJESTEHUS AS;25;56.101;AS;;200;konkurs: False
811987972;SØRESTRANDA EIENDOM AS;0;68.100;AS;;200;konkurs: False
811996432;M7 Regnskap AS;0;69.201;AS;;200;konkurs: False
811998222;RAYMOND ARONSEN TRANSPORT & GRAVING AS;1;43.120;AS;;200;konkurs: False
812003402;JÆRENS ÆRVERDIGE FORENING FOR UISGE BEATHA'S FREMME;0;94.991;FLI;;200;konkurs: False
812026542;Tronds Montasjeservice Trond Petter Michelsen;0;73.110;ENK;;200;konkurs: False
812070592;Herbrandsen Invest AS;1;00.000;AS;;200;konkurs: False
812084232;FOSEN DYREKLINIKK AS;7;75.000;AS;;200;konkurs: False
812100882;NITRA AS;1;64.308;AS;;200;konkurs: False
812105302;Sameiet Prinsens Gate 3b;0;;ESEK;;200;konkurs: False
812124072;Storenga AS;1;55.300;AS;;200;konkurs: False
812159062;Askepotts Renhold AS;18;81.210;AS;;200;konkurs: False
812159852;Veamyr Entreprenør AS;3;43.120;AS;;200;konkurs: False
812164872;FOLKETS HUS NARVIK AS;0;68.209;AS;;200;konkurs: False
812166972;TMG 61 HOLDING AS;0;68.320;AS;;200;konkurs: False
812168142;DALE CAPITAL AS;1;70.220;AS;;200;konkurs: False
812170112;BLOMSTERBAKKEN 2 AS;0;68.209;AS;;200;konkurs: False
812172352;EVENES BYGDESERVICE AS;0;43.320;AS;;200;konkurs: False
812178792;T&R HAUGEN MASKIN AS;8;43.120;AS;;200;konkurs: False
812181912;VINDUSPUSSEREN AS;5;81.220;AS;;200;konkurs: False
812183192;PRIMÆRKONTAKTEN FOR MUSKEL-OG SKJELETTPLAGER AS;1;86.909;AS;;200;konkurs: False
812184032;DREVFJELL AS;1;62.010;AS;;200;konkurs: False
812236342;Frekhaug Byggsenter AS;24;47.521;AS;;200;konkurs: False
812245732;Organic Feelgood AS;0;46.389;AS;;200;konkurs: False
812262432;MASKIN UTLEIE AS;0;68.100;AS;;200;konkurs: False
812276212;Feel Free Production AS;16;31.090;AS;;200;konkurs: False
812306782;CAMPUS 6 AS;0;41.109;AS;;200;konkurs: False
812376152;FREDLUND TØMRERFIRMA;0;41.200;ENK;;200;konkurs: False
812387502;Cafe C Stavanger AS;0;56.309;AS;;200;konkurs: False
812388592;HELGA LIND GÅRDEN;0;;ESEK;;200;konkurs: False
812394312;RAMSØ MASKIN IDAR RAMSØ;;;ENK;;200; slettdato: 2020-04-17
812439502;Båtkalesjer AS;0;13.929;AS;;200;konkurs: True
812440012;ANDREW JOHN WELLS PIANOENTERTAINER;0;90.011;ENK;;200;konkurs: False
812467492;FIT4FUN AS;0;46.389;AS;;200;konkurs: False
812482122;WILL.I.JUICE AS;8;56.101;AS;;200;konkurs: False
812490672;TVETENVEIEN 154 B AS;0;68.209;AS;;200;konkurs: False
812496832;BORGUNDFJORDVEIEN 108 AS;1;68.209;AS;;200;konkurs: False
812536532;HAAGAAS INVEST AS;0;68.100;AS;;200;konkurs: False
812555472;EVENT & HAPPENINGS AS;1;90.020;AS;;200;konkurs: False
812570552;GLIMT MEDIA AS;1;58.140;AS;;200;konkurs: False
812574272;REINSVE EIENDOM AS;2;68.209;AS;;200;konkurs: False
812579622;Fridahl Eiendom AS;1;68.209;AS;;200;konkurs: False
812635042;BIPA DRILLING AS;1;71.129;AS;;200;konkurs: False
812673122;Brenna Entreprenør AS;;;AS;;200; slettdato: 2022-11-24
812722352;Eivind A. Langnes;;;ENK;;200; slettdato: 2023-01-02
812761722;PROFF HAND AS;;;AS;;200; slettdato: 2020-11-04
812790242;KANALTOMTA AS;0;00.000;AS;;200;konkurs: False
812796712;ARAGON MEDIA AS;1;58.140;AS;;200;konkurs: False
812802062;LE'GANZ OUTLET AS;0;47.722;AS;;200;konkurs: False
812830732;Bookkeeper Os AS;14;69.201;AS;ECIT OS AS;200;konkurs: False
812865412;HALLANGSPOLLEN VA-DRIFT SA;0;36.000;SA;;200;konkurs: False
812893602;BSL BYGG AS;12;41.200;AS;;200;konkurs: False
812898752;Taxitomta Ii AS;0;68.209;AS;;200;konkurs: False
812900862;DAKINI DHARMA PROJECTS AS;;;AS;;200; slettdato: 2022-08-23
812972502;REVOLVER AS;0;70.220;AS;;200;konkurs: False
812977652;FINN ARNE SIVERTSEN;0;70.220;ENK;;200;konkurs: False
812978322;STAVANGER INVESTERING SELSKAP AS;0;41.109;AS;;200;konkurs: False
812980262;CAMPUS 7 AS;0;41.109;AS;;200;konkurs: False
813049902;CARTER HOLDING AS;0;00.000;AS;;200;konkurs: False
813050412;HAUGALAND TAK&BYGG AS;;;AS;HAUGESUND TAKSPESIALIST AS;200; slettdato: 2022-02-02
813062372;BTECHNOLOGIES AB FILIAL I NORGE;;;NUF;;200; slettdato: 2022-12-30
813077132;SOLVIK UTVIKLING 1 AS;0;68.100;AS;;200;konkurs: False
813100622;VENTILASJON OG MONTASJE AS;0;43.223;AS;;200;konkurs: True
813104482;R15 Holding AS;;;AS;;200; slettdato: 2020-03-05
813132702;SET SAIL AS;;;AS;;200; slettdato: 2020-04-21
813170442;BAG CATERING AS;6;56.210;AS;;200;konkurs: False
813181282;BYGGSØK NORGE AS;2;71.121;AS;;200;konkurs: False
813203472;TORJUSEN BRANNSERVICE AS;3;71.200;AS;;200;konkurs: False
813226642;Byggmester Gunnar Breivik AS;1;41.200;AS;;200;konkurs: False
813255642;VANDRESKOEN AS;2;47.721;AS;;200;konkurs: False
813259052;SALTFJELLET HOTELL POLARSIRKELEN AS;;;AS;;200; slettdato: 2021-01-05
813259842;ANDREAS AS;;;AS;;200; slettdato: 2019-12-07
813279312;CONTINUUM MANAGEMENT AS;7;68.320;AS;;200;konkurs: False
813288842;MARVIN HANSEN EIENDOM AS;5;43.120;AS;;200;konkurs: False
813297442;TRØNDERHOPP AKTIVITET AS;2;68.209;AS;;200;konkurs: False
813302152;ARB INVEST AS;1;45.111;AS;;200;konkurs: False
813307782;JKG MUR AS;;;AS;;200; slettdato: 2021-08-09
813307952;LANDSTIL AS;;;AS;;200; slettdato: 2022-10-15
813308312;GORSETGRENDA VEILAG OG HYTTEFORENING SA;0;68.320;SA;;200;konkurs: False
813317052;METRO SØR AS;22;56.101;AS;;200;konkurs: False
813322072;FAIRYTALE PRODUCTION AS;5;59.110;AS;WAAG PRODUKSJONER AS;200;konkurs: False
813326132;ISSO RENHOLD AL-MASRI;;;ENK;;200; slettdato: 2021-09-02
813337592;Moderne Bygg 1 AS;0;41.109;AS;;200;konkurs: False
813355442;VESTVÅGØY TAXI AS;0;52.211;AS;;200;konkurs: False
813369702;HILUX AS;4;90.020;AS;;200;konkurs: False
813397552;Fruktgården AS;31;01.240;AS;;200;konkurs: False
813424282;DENARIUS RINGSRUD;0;82.990;ENK;;200;konkurs: False
813452642;FOTOGRAF MATS JENSAAS AS;4;74.200;AS;;200;konkurs: False
813459272;TRETEKNIKK ØSTFOLD AS;8;41.200;AS;;200;konkurs: False
813463202;SORTLAND MAT & VINHUS AS;0;56.101;AS;;200;konkurs: False
813536412;VEKO MASKIN AS;2;43.120;AS;;200;konkurs: False
813544342;OSLAND AS;1;43.110;AS;;200;konkurs: False
813550172;ZENARIO AS;0;59.110;AS;;200;konkurs: False
813560852;PMB EIENDOM AS;0;68.209;AS;NCG EIENDOM AS;200;konkurs: False
813561212;FORNEBU BUTIKKDRIFT AS;0;47.593;AS;;200;konkurs: False
813564572;ANALYSYS MASON AS;20;70.220;AS;;200;konkurs: False
813587882;Löwenstein Tømrer AS;3;41.200;AS;;200;konkurs: False
813587912;Fusa Lyd & Lys AS;6;90.020;AS;;200;konkurs: False
813598132;UNSTAD ARCTIC SURF AS;41;55.101;AS;;200;konkurs: False
813622882;Steigen Boligutleie AS;0;68.209;AS;;200;konkurs: False
813666782;CONFURA AS;1;71.129;AS;;200;konkurs: False
813672812;PRATERIET SPRÅKSENTER AS;5;86.909;AS;PRATERIET LOGOPEDSENTER AS;200;konkurs: False
813694832;HENRIKSEN BYGG AS;12;41.200;AS;;200;konkurs: False
813709252;Boligmesteren Prosjekt AS;0;41.109;AS;;200;konkurs: False
813771462;BYGGMESTERAN HOLDING AS;0;68.209;AS;;200;konkurs: False
813798832;RINGVEIEN 5 AS;0;68.209;AS;;200;konkurs: False
813837692;TYTLANDSVIK AQUA AS;36;03.212;AS;;200;konkurs: False
813841592;Leirvik Sveis A/S;0;68.209;AS;;200;konkurs: False
813842122;THAMS EIENDOMSUTVIKLING AS;0;41.109;AS;;200;konkurs: False
813855372;Tsrevisjon AS;11;69.202;AS;;200;konkurs: False
813873052;Stiftelsen Kåkå Kverulantkatedralen;5;90.040;STI;;200;konkurs: False
813874792;OK Transport & Maskin AS;0;49.410;AS;;200;konkurs: False
813933632;ROGALAND DRIFTSSERVICE AS;10;81.101;AS;;200;konkurs: False
813968282;BETA ORGANISASJONSUTVIKLING LINN RASCH AUNE;0;70.220;ENK;;200;konkurs: False
813968592;TRAA BYGG as;7;41.200;AS;;200;konkurs: False
813973472;ANDREAS WAAG MARTINSEN;0;62.020;ENK;;200;konkurs: False
813984792;ORDINEM SIA;0;38.110;NUF;;200;konkurs: False
813999722;STIG PEDER JOHANSEN AS;1;41.200;AS;;200;konkurs: False
814059472;ARCTIC HOST AS;;;AS;;200; slettdato: 2021-05-20
814068072;SAMEIET SOLSIDEN;0;;ESEK;;200;konkurs: False
814073432;MR LOKALMATSENTER AS;;;AS;;200; slettdato: 2021-11-30
814077292;ANSI HOLDING AS;0;41.200;AS;;200;konkurs: False
814078752;Lokalveien Utvikling AS;0;41.109;AS;;200;konkurs: False
814082822;KRO HOLDING AS;0;43.221;AS;;200;konkurs: False
814084272;ELVIS ELEKTRO AS;14;43.210;AS;;200;konkurs: False
814084922;TROND OLSEN MUR & FLIS AS;1;43.990;AS;;200;konkurs: False
814125432;HAUGESTAD AS;0;00.000;AS;;200;konkurs: False
814133842;PRIMA ENERGI AUST-AGDER AS;;;AS;;200; slettdato: 2022-09-30
814138712;G&A Air AS;0;51.100;AS;;200;konkurs: False
814184072;INDUNOR AS;82;43.320;AS;;200;konkurs: False
814213242;FISKUM NÆRINGSPARK AS;0;41.109;AS;FISKUMPARKEN AS;200;konkurs: False
814225992;NORSK RUTEBILSTASJON AS;0;68.209;AS;;200;konkurs: False
814232662;DF RENTAL AS;6;09.109;AS;;200;konkurs: False
814266222;SIV. ING. STENER SØRENSEN AS;34;71.121;AS;;200;konkurs: False
814266532;GOKSØYR & MARTENS;3;90.012;STI;;200;konkurs: False
814286592;BJØRNEVIK TRANSPORT AS;1;33.120;AS;BJØRNEVIK SERVICE AS;200;konkurs: False
814308782;ZAKS FRISØR AS;3;96.020;AS;;200;konkurs: False
814311422;JM RENTAL AS;;;AS;;200; slettdato: 2022-12-10
814321002;STERKT DESIGN AS;1;62.020;AS;;200;konkurs: False
814324982;STADIONPARKEN BOLIG AS;0;68.209;AS;TORVET AS;200;konkurs: False
814340872;B&T LOGISTIKK AS;22;49.410;AS;;200;konkurs: False
814350932;ARCTIC SWAN AS;6;03.111;AS;;200;konkurs: False
814351432;Mobekk Invest AS;1;68.209;AS;;200;konkurs: False
814366162;HELGELAND OPPDRETTSERVICE AS;14;03.213;AS;KVARØY OPPDRETTSERVICE AS;200;konkurs: False
814368742;BOTNANS KAFÈ OG CATRING;0;56.101;ENK;;200;konkurs: False
814379892;INNOVATION LAB NORGE AS;0;62.020;AS;;200;konkurs: False
814391132;Lator Skiltfabrikk AS;3;25.990;AS;;200;konkurs: False
814398862;JUJO INVEST AS;0;00.000;AS;;200;konkurs: False
814419762;BLOMSTERBAKKEN 2 II AS;0;00.000;AS;;200;konkurs: False
814424812;GODBITEN SZABELSKA;0;81.210;ENK;;200;konkurs: False
814467902;HOUSE OF HAIR AS;7;96.020;AS;;200;konkurs: False
814484602;RØYRMYRA VINDPARK AS;0;35.112;AS;;200;konkurs: False
814499022;PEPCALL AS;0;61.900;AS;XPLORA MOBILE AS;200;konkurs: False
814500632;GAMLE FREDRIKSTAD HÅNDBALLKLUBB;0;93.120;FLI;;200;konkurs: False
814530922;Sameiet Krags vei 10;0;;ESEK;;200;konkurs: False
814531082;AVANT;0;94.991;FLI;;200;konkurs: False
814537102;Accon Group AS;3;46.769;AS;;200;konkurs: False
814568342;DIEM AS;;;AS;;200; slettdato: 2021-10-23
814572862;THF AS;0;41.109;AS;;200;konkurs: False
814573982;Trogi AS;0;71.121;AS;;200;konkurs: False
814605752;VARANGER SPORTSLAGER AS;7;47.641;AS;;200;konkurs: False
814609952;Son Kiropraktikk & Helse AS;0;86.909;AS;SON KIROPRAKTIKK OG HELSE AS;200;konkurs: False
814633462;HS INVEST AS;0;68.209;AS;;200;konkurs: False
814721132;KONGENS GATE 26 AS;0;68.209;AS;;200;konkurs: False
814732142;BRANDSHAUGS GARAGE RAYMOND BRANDSHAUG;0;45.200;ENK;;200;konkurs: False
814737772;VEKSTHUSET EIENDOM AS;0;68.209;AS;;200;konkurs: False
814767302;JGG AS;1;68.209;AS;;200;konkurs: False
814779912;NT REFECTIO X AS;0;82.990;AS;;200;konkurs: False
814780082;UTTIAN FISK AS;;;AS;;200; slettdato: 2021-02-04
814787362;KARSTENSENS AS;1;74.101;AS;;200;konkurs: False
814800202;AKNATON AS;0;41.109;AS;;200;konkurs: False
814835022;DYRUD MASKIN OG UTEMILJØ AS;12;43.120;AS;;200;konkurs: False
814837882;POG TRADING AS;0;71.129;AS;;200;konkurs: False
814849732;Bakermesteren Elverum AS;;;AS;;200; slettdato: 2021-11-10
814867072;KARLSEN BYGG;1;41.200;ENK;;200;konkurs: False
814869342;GULVSYSTEM NORD-NORGE AS;0;43.330;AS;;200;konkurs: False
814880702;Løvlie Hytteservice;0;43.919;ENK;;200;konkurs: False
814881962;PRYD AV CAPELLI AS;6;96.020;AS;;200;konkurs: False
814905632;ASKE BRYGGERI AS;11;11.050;AS;;200;konkurs: False
814906442;BJØRN WILLY STENSENS TAXI;;;ENK;;200; slettdato: 2020-08-14
814910652;ARCTIC ELEKTRO AS;18;43.210;AS;;200;konkurs: False
814924122;Lyder Fiskebåt AS;0;03.111;AS;;200;konkurs: False
814934942;EATS 3 AS;0;68.209;AS;;200;konkurs: False
814938352;Skomakergarden AS;0;79.120;AS;;200;konkurs: False
814950662;INTERLOCK AS;0;71.129;AS;;200;konkurs: False
814973492;Br Byggservice AS;;;AS;;200; slettdato: 2022-01-24
815001052;KOKSTAD TANNLEGEPRAKSIS AS;2;86.230;AS;;200;konkurs: False
815008022;N33 Bolig AS;0;68.100;AS;;200;konkurs: False
815043782;INPROG AS;4;62.010;AS;;200;konkurs: False
815049942;KONSULENT1WISMAR HENRIK WISMAR;0;86.904;ENK;;200;konkurs: False
815062582;CREATIVE MILL AS;16;73.110;AS;;200;konkurs: False
815070542;DIN BUSSTUR AS;7;49.392;AS;;200;konkurs: False
815101812;RØRLEGGER RUNE FLEM AS;1;43.221;AS;;200;konkurs: False
815101952;NT REFECTIO XII AS;0;82.990;AS;;200;konkurs: False
815105222;SWANTECH AS;47;46.694;AS;AVA OF NORWAY AS;200;konkurs: False
815143272;STIAN STEFFENSEN AS;1;74.901;AS;;200;konkurs: False
815161742;MATRIX ADVOKATER AS;12;69.100;AS;;200;konkurs: False
815162692;LEMONWAX AS;11;45.200;AS;;200;konkurs: False
815177762;START&DYNAMO OG BILELEKTRO AS;2;45.200;AS;;200;konkurs: False
815179722;MEDIA DIGITAL AS;;;AS;;200; slettdato: 2022-09-13
815180542;ISOENERGI NORDLAND AS;4;41.200;AS;ISOBYGG NORDLAND AS;200;konkurs: False
815237242;Blikkenslager Fahlstrøm & Magnussen AS;6;43.911;AS;;200;konkurs: False
815244672;Scandinavian Reach Technologies AS;30;62.010;AS;;200;konkurs: False
815247922;BALKONGSENTERET AS;3;47.529;AS;;200;konkurs: False
815265262;ÅSTORP GÅRD ANS;0;68.209;ANS;;200;konkurs: False
815269772;Business Administration Services AS;14;69.201;AS;;200;konkurs: False
815274032;Fagerlia Hytteforening;0;68.320;FLI;;200;konkurs: False
815279352;JORUNN PETERSEN;;;ENK;;200; slettdato: 2021-12-31
815286952;RAMONA SKOSALON AS;;;AS;;200; slettdato: 2021-11-29
815293622;ING. ROBIN SVENDSEN AS;1;43.210;AS;;200;konkurs: False
815295242;ARXX THERAPEUTICS AS;4;21.200;AS;;200;konkurs: False
815330412;ROGALAND SPORT AS;;;AS;;200; slettdato: 2020-12-12
815332342;Vestmar Service AS;0;81.101;AS;;200;konkurs: False
815346572;FAZENDA UTVIKLING AS;4;68.209;AS;;200;konkurs: False
815357892;Mac & Tusj AS;5;74.102;AS;RIKTIG SPOR MO I RANA AS;200;konkurs: False
815359062;NORSK BYGNINGSRÅDGIVNING AS;0;71.121;AS;;200;konkurs: True
815389182;T RIISE AS;6;47.710;AS;;200;konkurs: False
815412982;Glassproffen AS;7;43.342;AS;;200;konkurs: False
815420152;MARQUEE AS;0;59.200;AS;;200;konkurs: False
815429532;SENTRUMSPASSASJEN AS;0;68.209;AS;;200;konkurs: False
815431332;LØVLAND EIENDOM AS;0;68.209;AS;;200;konkurs: False
815438612;SKULLERUD CONSULTING AS;1;74.903;AS;;200;konkurs: False
815442962;ØYVIND OSNES-RINGEN AS;8;86.221;AS;;200;konkurs: False
815450132;MEDIER24 AS;15;58.130;AS;;200;konkurs: False
815488482;HALLINGSKARVET EIENDOM AS;0;68.209;AS;;200;konkurs: False
815489322;Trudes Hudpleie AS;5;96.020;AS;;200;konkurs: False
815497732;HAVN INVEST AS;0;68.100;AS;EVJA PROPERTY AS;200;konkurs: False
815498062;AURORA MUSIC AS;3;90.011;AS;;200;konkurs: False
815513932;ØYSKIPET AS;0;03.111;AS;;200;konkurs: False
815540662;JÆRKOKKEN AS;9;56.101;AS;;200;konkurs: False
815547322;BELLA CAMPING AS;0;56.101;AS;;200;konkurs: True
815580672;Startmicrohousing AS;0;74.103;AS;;200;konkurs: False
815585232;Annex Consulting AS;3;68.310;AS;;200;konkurs: False
815592972;SEMAK AS;2;74.101;AS;;200;konkurs: False
815603702;JB ANLEGGSSERVICE AS;11;43.120;AS;;200;konkurs: False
815607732;NOORTH AS;0;77.210;AS;;200;konkurs: False
815609522;LINDELID AS;6;41.200;AS;LINDELID & KNUTSEN AS;200;konkurs: False
815612892;PRESTESTIEN TANNLEGEPRAKSIS AS;7;86.230;AS;;200;konkurs: False
815623932;Ah Takstservice AS;0;68.310;AS;;200;konkurs: False
815649842;Svanelv Maskin AS;0;43.120;AS;;200;konkurs: False
815671392;HDR AS;0;68.209;AS;;200;konkurs: False
815672852;HV VII INVEST JULIET II AS;0;09.109;AS;HAV ENERGY HOLDING AS;200;konkurs: False
815686322;HQ SERVICES AS;0;93.130;AS;;200;konkurs: False
815687922;Vedterminalen Gunnar Hyllnes;0;47.990;ENK;;200;konkurs: False
815714512;CARDINOR AS;6;71.129;AS;;200;konkurs: False
815719972;SIVILØKONOM JOHAN MATHIS SOMBY;0;01.490;ENK;;200;konkurs: False
815784332;VVD EXPERIENCE LARS OVEN PETTERSEN;0;85.510;ENK;;200;konkurs: False
815793382;Speidernes beredskapsgruppe Sør-Vest;0;94.991;FLI;;200;konkurs: False
815797132;Drift Snph AS;0;55.101;AS;;200;konkurs: False
815799372;NORMARINE ENGINEERING AS;1;71.129;AS;;200;konkurs: False
815818652;MØRENOT ROBOTICS AS;13;28.990;AS;TROLL SYSTEMS AS;200;konkurs: False
815822102;TELLUS TRADING AS;0;73.110;AS;;200;konkurs: False
815835662;DIN KONFERANSEPARTNER AS;3;70.220;AS;;200;konkurs: False
815845382;Tenderhågen Eiendom AS;;;AS;;200; slettdato: 2021-12-31
815847822;PURGATO SERVICE AS;28;81.210;AS;HELT RENT TJENESTER AS;200;konkurs: False
815863372;PRESS PLAY PRODUCTIONS AS;1;59.110;AS;TAGLIANO & CO AS;200;konkurs: False
815879732;N. GRØNSETH AS;5;77.110;AS;;200;konkurs: False
815895142;NORDYNAMIC AS;0;33.120;AS;;200;konkurs: False
815896122;BULINSKI ENGINEERING;;;ENK;;200; slettdato: 2020-01-21
815903862;Skarnes Farvehandel Knut Ivar Brinck;0;47.523;ENK;;200;konkurs: False
815938542;LISA FLATTUM;;;ENK;;200; slettdato: 2021-09-15
815965302;Tjenna Barnehage AS;32;88.911;AS;;200;konkurs: False
816007372;Sameiet Kjempeholen 1 Og 3;0;97.000;ESEK;;200;konkurs: False
816014492;BERGEN KRISTNE BOKHANDEL AS;3;47.610;AS;;200;konkurs: False
816026172;MONKSIDE AS;0;68.209;AS;;200;konkurs: False
816034272;Vitartak AS;5;43.919;AS;;200;konkurs: False
816034612;IRIS REGNSKAP AS;1;69.201;AS;;200;konkurs: False
816037522;KLEVEN BYGG HOLDING AS;0;41.200;AS;;200;konkurs: False
816039142;STIAN SKJELBRED AS;0;62.010;AS;;200;konkurs: False
816069122;Vålerenga Stadion AS;0;68.320;AS;;200;konkurs: False
816073502;iProsess AS;2;70.220;AS;;200;konkurs: False
816107172;Hvarnes Eiendom AS;5;43.120;AS;SKOKLEMOEN AS;200;konkurs: False
816114462;FJORD & FJELL HOTEL ULVIK AS;0;41.109;AS;;200;konkurs: False
816142032;JAMES STRONG AS;0;68.209;AS;;200;konkurs: False
816148812;CREATOR MAKERSPACE AS;2;72.190;AS;;200;konkurs: False
816161282;BRØDRENE EK EIENDOM AS;1;68.209;AS;;200;konkurs: False
816163072;BØLJAN BLÅ AS;0;41.200;AS;;200;konkurs: False
816166012;Austevikvegen 10 AS;0;68.320;AS;;200;konkurs: False
816195292;HNP INFRA 2 AS;0;42.110;AS;;200;konkurs: False
816195322;HNP 4 AS;0;68.209;AS;;200;konkurs: False
816198992;STORE O AS;2;74.102;AS;;200;konkurs: False
816214882;ELVEPARKEN EIENDOM AS;0;41.109;AS;;200;konkurs: False
816222362;Studio 10;0;70.220;AS;;200;konkurs: False
816235502;INDUSTRISTÅL AS;2;46.720;AS;;200;konkurs: False
816273242;BÅRSTUA AS;7;56.101;AS;TROMSØ SOSIALE ENTREPRENØRSKAP AS;200;konkurs: False
816277752;BENT-ÅGE LUND RUSTAD;;;ENK;;200; slettdato: 2021-07-09
816298512;H5 NORGE AS;2;62.010;AS;;200;konkurs: False
816309972;SJØHOLMEN AS;24;56.101;AS;SJØHOLMEN KULTURHUS AS;200;konkurs: False
816315492;GUTTORMSEN BEMANNING OG UTLEIE AS;20;49.410;AS;GUTTORMSEN AS;200;konkurs: False
816324882;REKA NAGY NEGLEDESIGN;0;96.020;ENK;;200;konkurs: False
816340012;Ll Eiendom Harstad AS;0;68.209;AS;;200;konkurs: False
816340152;TØMRERMESTER EIRIK AMUNDSEN AS;2;41.200;AS;;200;konkurs: False
816343372;JARNES.NO AS;;;AS;;200; slettdato: 2021-09-01
816349982;BERKON AS;5;41.200;AS;;200;konkurs: False
816360552;VALLE EIE AS;0;69.201;AS;;200;konkurs: False
816480922;CLEAR INK AS;0;86.909;AS;;200;konkurs: False
816492882;DONKEYBOY MUSIC GROUP AS;0;59.200;AS;;200;konkurs: False
816494532;DALSMARKEN;0;82.300;FLI;;200;konkurs: False
816496012;OLSRUDSKAUEN 10-12 AS;0;41.109;AS;;200;konkurs: False
816499372;ROKO REKKVERK AS;1;46.739;AS;;200;konkurs: False
816504562;ENVIRO AS;;;AS;;200; slettdato: 2022-01-19
816505682;HFB Lofoten AS;0;68.209;AS;;200;konkurs: False
816508762;UTLEIETELT.NO AS;5;77.210;AS;;200;konkurs: False
816516552;Båtsfjord Fiskedelikatesser AS;;;AS;;200; slettdato: 2022-06-17
816535042;VEGARD HARM;0;90.012;ENK;;200;konkurs: False
816559812;JAIME COELHO ART AND DESIGN;0;96.090;ENK;;200;konkurs: False
816561752;GUNNA AS;0;74.200;AS;THORIR.PHOTO AS;200;konkurs: False
816572932;HØGEBAKKEN EIENDOM AS;0;68.209;AS;;200;konkurs: False
816632102;TEAM SERVICE J. OLSEN AS;1;62.020;AS;;200;konkurs: False
816636582;SC Agency AS;0;46.160;AS;;200;konkurs: False
816640652;OLJE INVEST AS;0;71.129;AS;;200;konkurs: False
816655552;GLOEN KB INVEST AS;0;68.100;AS;;200;konkurs: False
816666392;Credeva Development AS;0;68.209;AS;;200;konkurs: False
816667232;NORGES REALFAGSGYMNAS UNGDOMSSKOLE BÆRUM AS;31;85.201;AS;NORGES REALFAGSUNGDOMSSKOLE SANDVIKA AS;200;konkurs: False
816668522;Slomarka 57 AS;0;68.209;AS;;200;konkurs: False
816680042;DITT BYGG SALTEN AS;;;AS;;200; slettdato: 2022-11-03
816683262;OTERHALS INVEST AS;0;68.100;AS;;200;konkurs: False
816690102;Teveldal Turistgård AS;11;55.202;AS;;200;konkurs: False
816718082;SUPERMANZANA AS;0;68.100;AS;;200;konkurs: False
816729432;ENGINEER.IT AS;0;62.010;AS;;200;konkurs: False
816765552;TK BETONG OG GRUNN AS;0;00.000;AS;;200;konkurs: False
816791642;Heilt På Jordet Anders Kvalø Pettersen;0;68.209;ENK;;200;konkurs: False
816796822;OSLO GULVLEGGERSERVICE AS;5;43.330;AS;;200;konkurs: False
816809932;ANTI AS;73;74.102;AS;;200;konkurs: False
816827922;R HANSEN AS;1;77.320;AS;;200;konkurs: False
816838002;BR-VANEBO HOLDING AS;0;46.694;AS;;200;konkurs: False
816841542;JÆREN SKOGLAG AS;1;02.100;AS;;200;konkurs: False
816881412;WICKNEGÅRDEN INVEST AS;0;68.100;AS;;200;konkurs: False
816898692;Sport Outlet Geilo 29 AS;6;47.641;AS;;200;konkurs: False
816898862;Sport Outlet Fauske 27 AS;7;47.641;AS;;200;konkurs: False
816899222;JANSON DA;;;DA;;200; slettdato: 2022-10-11
816900662;TOTENSVEIS AS;1;41.200;AS;;200;konkurs: False
816946352;NORSUPPLY EIENDOM AS;0;00.000;AS;;200;konkurs: False
816964482;MAWA PLAST AS;1;22.290;AS;;200;konkurs: False
816977622;SIGURD-JOHAN THORHEIM CATERING;0;56.210;ENK;;200;konkurs: False
816996112;GICALA TRANSPORT AS;;;AS;;200; slettdato: 2021-08-16
817011152;STIFTELSEN OVERSKUDDSFABRIKKEN;0;94.992;STI;;200;konkurs: False
817020372;RABBEN MARINA AS;;;AS;;200; slettdato: 2022-06-30
817021042;LYNG ILLUSTRATED AS;;;AS;MARMÆLEN AS;200; slettdato: 2021-01-30
817084532;Sandvikbygg AS;0;43.120;AS;;200;konkurs: False
817089062;MOMENT HOLDING AS;5;68.209;AS;;200;konkurs: False
817093582;TEDD AS;0;00.000;AS;;200;konkurs: False
817101232;WENCHES PRODUKTER AS;;;AS;;200; slettdato: 2020-06-30
817103022;PROGRESSING MINDS AS;1;70.220;AS;;200;konkurs: False
817104762;RÅSTAD FOODS AS;1;10.860;AS;;200;konkurs: False
817110592;Eik Enter;2;79.903;AS;EIK ENTER AS;200;konkurs: False
817128572;Ainas Kiosk og Helsekost AS;20;47.112;AS;;200;konkurs: False
817149332;NORDBYS SJØBOD;0;55.202;ENK;;200;konkurs: False
817156452;VIPCAR AS;3;77.110;AS;;200;konkurs: False
817181902;BESTEMORS EIENDOM AS;;;AS;;200; slettdato: 2022-01-08
817188362;TREVERKET MAT & SKAFFERI AS;22;56.101;AS;;200;konkurs: False
817193722;PRIMÆRKONTAKTEN FOR MUSKEL & SKJELETT AS;0;86.909;AS;;200;konkurs: False
817208592;SOR CONSULT AS;0;74.909;AS;;200;konkurs: False
817245552;NORDENA AS;;;AS;;200; slettdato: 2020-09-03
817263402;NORWEGIAN INSPECTION SERVICE AS;1;71.129;AS;;200;konkurs: False
817270492;Kraft Glass Bømlo AS;0;43.342;AS;;200;konkurs: False
817279872;GOMAP AS;;;AS;;200; slettdato: 2020-12-19
817309682;RABBEN RESTAURANT AS;;;AS;;200; slettdato: 2022-06-07
817330622;YXNEY MARITIME AS;12;62.010;AS;;200;konkurs: False
817356052;GLASSMESTER BODØ AS;2;43.342;AS;;200;konkurs: False
817357202;LATEBRO AS;0;62.010;AS;;200;konkurs: False
817364462;HELMER LUNDGREENS GATE 2 AS;0;68.209;AS;;200;konkurs: False
817372902;LANGVIK MASKIN AS;11;43.120;AS;;200;konkurs: False
817381332;NT REFECTIO XVI AS;0;82.990;AS;;200;konkurs: False
817398022;RETAIL SOLUTION AS;;;AS;;200; slettdato: 2020-07-21
817400612;NESSET DYREKLINIKK AS;1;75.000;AS;DYRLEGEN PÅ NESODDEN AS;200;konkurs: False
817403492;NORMAR TRADING AS;19;33.120;AS;;200;konkurs: False
817404502;TOOLER AS;12;62.010;AS;SHAREFOX AS;200;konkurs: False
817456332;Cloud Investments AS;0;62.020;AS;;200;konkurs: False
817471862;STORGATA PLATEBAR AS;10;56.101;AS;;200;konkurs: False
817472222;STORMHAV AS;0;03.111;AS;;200;konkurs: False
817485812;INVENTRIX AS;;;AS;SPERA HELSE AS;200; slettdato: 2022-03-24
817492622;MIDAS EIENDOM AS;0;41.109;AS;;200;konkurs: False
817524222;Teoriappen AS;0;85.609;AS;;200;konkurs: False
817539602;5 ZENZES AS;0;96.020;AS;;200;konkurs: False
817548822;MLUNIA AS;0;68.209;AS;;200;konkurs: False
817554822;ALL IN SPORTS AS;;;AS;;200; slettdato: 2019-12-27
817608582;SUNDVÅGEN KYSTFISKE AS;0;03.111;AS;;200;konkurs: False
817627722;PROJECT NEON AS;7;73.110;AS;;200;konkurs: False
817636012;JTC AUTO AS;3;45.112;AS;;200;konkurs: False
817648452;VONSTETT MEDIA AS;1;90.034;AS;;200;konkurs: False
817649602;SILING INVEST AS;;;AS;;200; slettdato: 2021-04-12
817650082;2TRE GO AS;;;AS;;200; slettdato: 2021-10-12
817668992;ART BY LENA ANDERSEN;0;90.031;ENK;;200;konkurs: False
817670032;STOR OSLO VEI OG ANLEGG AS;;;AS;;200; slettdato: 2021-09-11
817677282;FAUN AS;0;68.100;AS;;200;konkurs: False
817681972;JURO EIENDOM AS;0;68.209;AS;;200;konkurs: False
817687512;LEYER AS;0;74.903;AS;;200;konkurs: False
817693482;SCAN-DIVE AS;1;42.210;AS;;200;konkurs: False
817707742;SIGRUN BEKKEVOLD;0;74.909;ENK;;200;konkurs: False
817708382;PARKETTSLIPEREN NORGE AS;;;AS;;200; slettdato: 2022-09-27
817719902;HEMJERN AS;0;72.190;AS;;200;konkurs: False
817737382;NITTAYA THAIMAT AS;;;AS;;200; slettdato: 2020-06-22
817741142;BELLE HOTELLDRIFT AS;;;AS;;200; slettdato: 2020-10-29
817744362;OPPMUNTRING AS;0;47.990;AS;;200;konkurs: False
817752292;MEIE AS;;;AS;;200; slettdato: 2020-05-12
817758142;KERMES & SAFFRON AS;0;64.308;AS;;200;konkurs: False
817769152;STOKKE INDUSTRI EIENDOM AS;0;72.190;AS;;200;konkurs: False
817781322;JENS A. LARSEN AAS ILLUSTRATION & DESIGN;0;90.031;ENK;;200;konkurs: False
817798772;HØSTBAKKEN EIENDOMSSERVICE AS;2;81.101;AS;;200;konkurs: False
817815782;Draftit Privacy AS;8;69.100;AS;VISMA DRAFTIT AS;200;konkurs: False
817826202;LOFOTSTRIKK GRO AGNETE BERGLUND;0;47.919;ENK;;200;konkurs: False
817833942;NESTA UTMARK AS;0;64.308;AS;;200;konkurs: False
817860532;MULTISERVICE NORD NORGE AS;;;AS;;200; slettdato: 2021-02-11
817864872;GLOBAL RENTALS AS;12;46.630;AS;;200;konkurs: False
817866182;STELLA EIENDOM AS;0;68.209;AS;;200;konkurs: False
817873162;Sport Outlet Harstad 31 AS;12;47.641;AS;SPORT OUTLET ALTA 31 AS;200;konkurs: False
817896952;MANGA RISIO ONWUAGHA;0;86.230;ENK;;200;konkurs: False
817902022;4 SMIL AS;;;AS;;200; slettdato: 2021-01-18
817912532;BALCHENBIL AS;3;45.200;AS;AUTODRIVE AS;200;konkurs: False
817919472;BOMPENGESELSKAP NORD AS;7;84.130;AS;;200;konkurs: False
817922392;SKULLERUD RØR AS;2;43.221;AS;;200;konkurs: False
817927262;HARK TECHNOLOGIES AS;12;46.431;AS;;200;konkurs: False
817932932;Bredbåndservice AS;4;61.100;AS;;200;konkurs: False
817934722;PRESSURA AS;6;71.129;AS;;200;konkurs: False
817950892;HYLKJE NÆRINGSBYGG 12 AS;0;68.209;AS;;200;konkurs: False
817993362;EAPARTNER AS;0;43.210;AS;;200;konkurs: False
817995012;JESSHEIM TRANSPORT AS;1;49.410;AS;;200;konkurs: False
818004842;GROSSISTEN AS;2;93.190;AS;;200;konkurs: False
818021682;KARNE HOLDING AS;0;70.220;AS;;200;konkurs: False
818021992;SÆTHER KYSTFISKE AS;;;AS;;200; slettdato: 2020-10-19
818032102;SYKEPLEIER JANE BERIT BERG;0;86.909;ENK;;200;konkurs: False
818039662;Trondheim Ølutsalg AS;7;47.259;AS;;200;konkurs: False
818059132;FUCHS KIROPRAKTIKK;0;86.909;ENK;ALFA KIROPRAKTIKK - FREDERIK FUCHS;200;konkurs: False
818065892;SANNE AS;18;86.909;AS;;200;konkurs: False
818095732;CFPH AS;0;88.101;AS;;200;konkurs: False
818097832;SKRANEVEGEN 52 AS;0;41.109;AS;HEI31 AS;200;konkurs: False
818103492;BOD OG BEDRING AS;1;74.103;AS;;200;konkurs: False
818112572;Maison Grabot AS;0;10.710;AS;;200;konkurs: False
818130252;Louises Gårdsdrift AS;0;56.101;AS;;200;konkurs: False
818131062;Wiggo Erichsen Holding AS;0;68.209;AS;;200;konkurs: False
818140932;LCA.NO AS;13;62.010;AS;;200;konkurs: False
818160682;SMUDART CRAFTS WENCHE ANDERSEN;0;96.090;ENK;;200;konkurs: False
818187432;GRATANGEN RØDE KORS;0;94.991;FLI;;200;konkurs: False
818274882;BIRKEBEINERSPELET AS;0;90.020;AS;;200;konkurs: False
818280122;BRISOL LOFOTEN AS;;;AS;;200; slettdato: 2021-11-02
818284942;KVIA INVESTERING AS;1;45.112;AS;;200;konkurs: False
818286252;Mlunia 2 AS;0;68.209;AS;;200;konkurs: False
818287712;VOLT SERVICE AS;46;03.213;AS;;200;konkurs: False
818297572;ELVFJORDEN HOLDING AS;0;68.209;AS;;200;konkurs: False
818312512;Hi5 Film AS;9;59.110;AS;;200;konkurs: False
818315562;TEIGEN TOTAL AS;1;74.903;AS;;200;konkurs: False
818316712;BASSKON AS;0;68.100;AS;;200;konkurs: False
818340532;EIDE LEGESENTER AS;0;86.211;AS;;200;konkurs: False
818342322;West Robotics And Digitalisation AS;0;62.010;AS;;200;konkurs: True
818343752;BIG FISH NORGE AS;5;74.102;AS;BIG FISH AS;200;konkurs: False
818347472;VARIAL MEDIA AS;;;AS;;200; slettdato: 2021-12-29
818347952;Boligutvikling Stavanger AS;;;AS;;200; slettdato: 2020-11-18
818351682;JACOB KJØDES EIENDOM AS;0;41.109;AS;;200;konkurs: False
818370652;SALTEN FISKEINDUSTRI AS;;;AS;;200; slettdato: 2022-09-17
818377142;TANNSMIA AS;7;32.500;AS;;200;konkurs: False
818398832;BERGSKOGEN AREAL AS;0;41.109;AS;HENRIKS VEI UTVIKLING AS;200;konkurs: False
818414862;BG VAULT AS;0;00.000;AS;;200;konkurs: False
818428812;CLAN AS;8;47.710;AS;;200;konkurs: False
818434472;TEAM LEWEL AS;0;85.510;AS;;200;konkurs: False
818441622;FRAM X AS;2;62.020;AS;;200;konkurs: False
818448252;TB CONSULT AS;;;AS;;200; slettdato: 2021-11-29
818476272;EIGANES INTERNATIONAL SCHOOL AS;39;85.201;AS;BISS SENTRUM AS;200;konkurs: False
818491352;Haugbukta Fysikalske ANS;0;86.902;ANS;;200;konkurs: False
818500742;BLUEOCEAN MARINE AS;;;AS;;200; slettdato: 2020-12-09
818500912;Mindshift AS;16;70.220;AS;;200;konkurs: False
818501072;EPOXYTEC AS;0;70.220;AS;EPO INVEST AS;200;konkurs: True
818510292;NORWEGIAN RAIN ROOM AS;;;AS;;200; slettdato: 2022-11-30
818547102;SIKKERHET 24/7 AS;;;AS;;200; slettdato: 2022-09-29
818562632;SUNLAND-EKER EIENDOM AS;0;17.120;AS;;200;konkurs: False
818576552;HERREKLINIKKEN NORGE AS;1;86.211;AS;C SPESIALIST AS;200;konkurs: False
818577672;COLLECTIVE AS;3;82.300;AS;;200;konkurs: False
818594682;BRÅTVEIT ENTREPRENØR AS;9;43.120;AS;;200;konkurs: False
818601212;GO2LOFOTEN AS;5;79.903;AS;;200;konkurs: False
818609582;ESSENS VIGDIS DAGSPA AS;18;96.020;AS;;200;konkurs: False
818625952;LYNGVÆR BEMANNING AS;1;78.200;AS;R. LYNGVÆR EIENDOM AS;200;konkurs: False
818627262;BERTGEN-BYGG AS;11;41.200;AS;BERGEN-BYGG AS;200;konkurs: False
818656742;ACER DIXON AS;1;85.599;AS;;200;konkurs: False
818658192;NYGAARDSGATA 39 HOLDING AS;0;68.209;AS;;200;konkurs: False
818668252;VETERINÆR ELVENES AS;1;75.000;AS;;200;konkurs: False
818670362;BOBIL OSLO AS;10;45.192;AS;;200;konkurs: False
818671652;PUDDING-TV AS;;;AS;;200; slettdato: 2021-11-09
818672322;INTSA AS;0;74.909;AS;;200;konkurs: False
818679262;BYGG & EIENDOM VEST AS;15;41.200;AS;;200;konkurs: False
818692722;CAM Eiendom AS;;;AS;;200; slettdato: 2019-12-17
818705182;STR8LINE AS;;;AS;;200; slettdato: 2020-11-09
818711832;LUFTAMBULANSETJENESTEN HF;28;86.907;SÆR;;200;konkurs: False
818718152;Røyskatt Holding AS;0;68.209;AS;;200;konkurs: False
818720572;VALLØ BÅT AS;4;33.150;AS;BBM TEKNIKK AS;200;konkurs: False
818746032;Geiranger Camping AS;3;55.300;AS;;200;konkurs: False
818755112;VIK ASSURANSE AS;0;66.290;AS;;200;konkurs: False
818765622;Uomo AS;0;68.209;AS;;200;konkurs: False
818767072;Prosjekt Service AS;1;71.121;AS;;200;konkurs: False
818770472;EFFEE AS;1;28.910;AS;;200;konkurs: False
818772092;SVOLVÆR HAVN DRIFT AS;0;55.101;AS;KABELVÅG HAVN DRIFT AS;200;konkurs: False
818780672;Bv Bygg AS;24;41.200;AS;;200;konkurs: False
818786492;STORØYODDEN EIENDOM AS;0;68.209;AS;;200;konkurs: False
818788282;PETROLEUM EIENDOM AS;0;68.209;AS;;200;konkurs: False
818810962;SUSHI 153 COLLORA;0;56.101;ENK;;200;konkurs: False
818858892;AE HOLDCO AS;0;68.209;AS;EMTUNGA HOLDCO AS;200;konkurs: False
818859872;STEINBRA BØMLO AS;;;AS;ØRJANSEN ANLEGG AS;200; slettdato: 2021-11-05
818865082;HAVBRUKSPARTNER AS;3;03.213;AS;;200;konkurs: False
818941382;Risørholmen Holding AS;0;46.381;AS;;200;konkurs: False
818952872;Thomassen Rør AS;5;43.221;AS;;200;konkurs: False
818983662;EMS-FEHN-GROUP SCANDINAVIA AS;42;42.220;AS;;200;konkurs: False
819004722;ENERGISUPPORT AS;;;AS;;200; slettdato: 2020-04-21
819006482;VIKSKJÆR AS;;;AS;;200; slettdato: 2021-12-20
819016682;ES BYGG OG RENOVERING STANEVICIUS;;;ENK;;200; slettdato: 2020-05-15
819035172;TECHFIKS AS;;;AS;;200; slettdato: 2022-01-22
819042462;Anskaffelsesadvokaten AS;1;69.100;AS;;200;konkurs: False
819046972;IDÉHUS HARSTAD AS;;;AS;;200; slettdato: 2020-07-02
819061602;Wok Ben Tre Sushi Takeaway AS;;;AS;;200; slettdato: 2022-11-21
819072272;VEST HAVBRUK AS;0;03.213;AS;;200;konkurs: False
819088632;STIFTINGA FEST I VEST;0;90.020;STI;;200;konkurs: False
819113912;NORSK SOLAR AS;20;71.129;AS;;200;konkurs: False
819115842;Ml-Service Jukka Matias Lehtinen;;;ENK;;200; slettdato: 2022-02-07
819132992;BYGG OG BRANNTEKNIKK AS;1;71.121;AS;;200;konkurs: False
819139652;JANNE LARSEN HOLDING AS;0;64.308;AS;;200;konkurs: False
819149712;FEEL24 TROMSØ AS;;;AS;;200; slettdato: 2022-05-31
819154082;JON TORE SAND AS;3;49.410;AS;;200;konkurs: False
819155372;AAA CARCARE AS;;;AS;JESSHEIM BILPLEIE AS;200; slettdato: 2022-01-31
819165572;KYSTEN VANNSPORT AS;;;AS;;200; slettdato: 2021-09-21
819167362;Baumah Krzysztof Zalewski;;;ENK;;200; slettdato: 2022-05-30
819175632;B&D UTVIKLING AS;;;AS;;200; slettdato: 2021-03-13
819180792;Tømrer Th Andersen;0;41.200;ENK;;200;konkurs: True
819196672;Wieland BlueSea AS;;;AS;;200; slettdato: 2020-09-30
819200262;VANYLVEN BILPLEIE AS;1;45.200;AS;;200;konkurs: False
819218862;DESIRED OUTCOME HOLDING AS;0;85.599;AS;;200;konkurs: False
819229392;VIDENTIUM AS;0;62.010;AS;;200;konkurs: False
819257132;STØYP-IT AS;7;43.990;AS;;200;konkurs: False
819272042;VIDAR J KRISTIANSEN AS;2;46.739;AS;;200;konkurs: False
819272182;IN THE PARK AS;1;90.011;AS;;200;konkurs: False
819306532;WESTJORD;0;74.101;ENK;;200;konkurs: False
819307792;KAREN CONSULTING;0;70.220;ENK;KAREN CONSULTING KAREN SANN FOUGNER;200;konkurs: False
819328692;STAURBAKK AS;12;43.210;AS;;200;konkurs: False
819334072;POWERLINE ICS AS;2;71.129;AS;;200;konkurs: False
819336172;Skeiv Verden Vest;0;94.991;FLI;;200;konkurs: False
819348502;Fosen Trapp & Interiør AS;8;16.232;AS;;200;konkurs: False
819360502;GLASSCON AS;6;47.529;AS;;200;konkurs: False
819378142;ØVSTTUNVEIEN 46 AS;0;41.109;AS;;200;konkurs: False
819392692;KNH AS;0;47.914;AS;USOM AS;200;konkurs: False
819405042;KURSEKSPERTEN AS;;;AS;;200; slettdato: 2020-07-17
819415072;FRK. BREKKE AS;0;47.510;AS;;200;konkurs: True
819418462;WILDPHOTO NORWAY AS;0;79.903;AS;SMØLA NATUROPPLEVELSER AS;200;konkurs: False
819421552;BIATHLONTEAM AS;0;93.190;AS;;200;konkurs: False
819481822;HENRIETTES KJØKKEN HAUGALANDET AS;;;AS;;200; slettdato: 2020-09-22
819483922;PARA SAMFUNN;5;90.012;FLI;;200;konkurs: False
819487812;ASKIMREGIONEN NÆRINGSUTVIKLING AS;2;70.220;AS;INDRE ØSTFOLD NÆRINGSUTVIKLING AS;200;konkurs: False
819494002;NUBBEN BARNEHAGEDRIFT AS;26;88.911;AS;;200;konkurs: False
819499292;SIGGMA SUBSEA AS;2;71.129;AS;;200;konkurs: False
819502102;TENDRA AS;0;46.493;AS;KODA GROUP AS;200;konkurs: False
819511772;SNØFOKK AS;6;56.101;AS;;200;konkurs: False
819558752;BY NORWEGIANS AS;0;47.789;AS;;200;konkurs: False
819563292;Sport Outlet Lillehammer 45 AS;9;46.494;AS;;200;konkurs: False
819572062;GRØNN BOLIG HOLMESTRAND AS;;;AS;;200; slettdato: 2020-03-19
819574502;OPPDAL TRAFIKKSKOLE AS;6;85.530;AS;;200;konkurs: False
819607842;Sport Norge Kristiansund 515 AS;15;46.494;AS;SPORT OUTLET STOVNER 75 AS;200;konkurs: False
819626472;IMN INNOVATION MEDICAL NORWAY JENS KJELDGAARD;0;46.180;ENK;;200;konkurs: False
819649952;TEACH ME AS;0;62.010;AS;;200;konkurs: False
819656312;STAVANGER MASKIN AS;2;43.120;AS;;200;konkurs: False
819657742;GDK PRO AS;2;43.320;AS;;200;konkurs: False
819700842;MALERBODEN STORD AS;7;47.523;AS;;200;konkurs: False
819706662;FØLL AS;1;41.200;AS;;200;konkurs: False
819716072;STRABOO AS;0;62.010;AS;;200;konkurs: False
819732612;MØRKVED HANDELSEIENDOM AS;0;68.100;AS;;200;konkurs: False
819733872;KOBBERLØPET AS;1;79.903;AS;;200;konkurs: False
819743142;STOKMARKNESBYGGET AS;11;68.209;AS;;200;konkurs: False
819745412;KÅLSTØ HOLDING AS;0;47.111;AS;;200;konkurs: False
819748462;CAMAR HOLDING AS;0;68.209;AS;;200;konkurs: False
819750092;TØMMERVIKGRUPPEN 2 AS;0;70.220;AS;;200;konkurs: False
819757712;FRODE SMINES AS;3;43.120;AS;;200;konkurs: False
819760632;RCC INVEST AS;0;68.100;AS;;200;konkurs: False
819760772;INGSCAN AS;;;AS;;200; slettdato: 2021-05-18
819777292;MOLDE AUTO AS;3;68.209;AS;;200;konkurs: False
819785082;BLUSHSTUDIO AS;13;96.020;AS;;200;konkurs: False
819794952;B.TVEIT;;;ENK;;200; slettdato: 2020-07-03
819815852;Skarsdalen Utvikling AS;0;68.209;AS;;200;konkurs: False
819827842;EA Solutions AS;9;33.120;AS;KYMAR SOLUTIONS AS;200;konkurs: False
819832412;APARTÉ AS;0;47.299;AS;;200;konkurs: False
819849862;ERM EIENDOM AS;0;00.000;AS;;200;konkurs: False
819855072;HALL MONTASJE AS;6;41.200;AS;;200;konkurs: False
819855412;Nordisk Vedlikehold AS;;;AS;;200; slettdato: 2021-03-11
819859752;TRE & MASKIN AS;1;41.200;AS;;200;konkurs: False
819886482;SAMEIET PRESTGÅRDSLIA;0;;ESEK;;200;konkurs: False
819888132;HJEM & INTERIØR KOMOROWSKA;0;43.341;ENK;;200;konkurs: False
819894922;BLOMERIET BLOMSTER AS;3;47.919;AS;;200;konkurs: False
819923752;KVÅLSETH UTLEIGE AS;0;77.110;AS;;200;konkurs: False
819927782;SVIGERFAR AS;2;81.101;AS;;200;konkurs: False
819933472;AUTOSPORT VERKSTED AS;1;45.200;AS;;200;konkurs: False
819935602;MC GARASJEN AS;3;45.403;AS;;200;konkurs: False
819943702;CONVERT EIENDOM AS;0;68.209;AS;;200;konkurs: False
819944482;Sana Oris Tannklinikk AS;13;86.230;AS;;200;konkurs: False
819944962;PROENCO AS;21;63.110;AS;ASCERTRA AS;200;konkurs: False
819952892;IN HOUSE EIENDOMSMEGLING AS;6;68.310;AS;;200;konkurs: False
819982252;SEKO ELEKTROTEKNIKK AS;2;27.110;AS;;200;konkurs: False
819997292;7 FJELL KJEVEORTOPEDI AS;;;AS;;200; slettdato: 2020-12-21
819998922;TØMRER TOMMY JOHANSEN AS;1;41.200;AS;;200;konkurs: False
819999422;TRULS REPPE;;;ENK;;200; slettdato: 2019-07-23
820012542;Yako Restaurantdrift AS;5;56.101;AS;;200;konkurs: False
820014642;VESTERÅLSGATA 110 AS;0;68.209;AS;;200;konkurs: False
820024842;WISER AS;0;00.000;AS;;200;konkurs: False
820026012;TOLÅS MARKETING AS;0;77.320;AS;;200;konkurs: False
820067592;FNP C3-2 AS;0;68.209;AS;;200;konkurs: False
820072332;FNP FELT B VEST AS;0;68.209;AS;;200;konkurs: False
820119282;FNP I4-3 AS;;;AS;;200; slettdato: 2020-11-03
820119312;FNP I4-4 AS;;;AS;;200; slettdato: 2020-11-03
820123212;LOFOTEN TRUCKSERVICE UTLEIE AS;0;77.390;AS;LOFOTEN UTLEIESENTER AS;200;konkurs: False
820169522;Somna AS;;;AS;;200; slettdato: 2020-06-09
820174402;HBAUER AS;;;AS;;200; slettdato: 2022-05-09
820175972;WT INVESTMENT AS;;;AS;;200; slettdato: 2021-12-14
820177592;PLAN C AS;0;59.110;AS;;200;konkurs: False
820180682;HAUGMO AS;;;AS;;200; slettdato: 2020-08-24
820184602;Eierseksjonssameiet Sem Hageby;0;;ESEK;;200;konkurs: False
820230582;SAMEIET KONGENS GATE 28 A-B;0;;ESEK;;200;konkurs: False
820244672;AGGREGAT SERVICE AS;0;33.120;AS;;200;konkurs: False
820249682;OLSOK AS;12;47.710;AS;;200;konkurs: False
820251342;WEBJØRNSEN TRADING;;;ENK;;200; slettdato: 2020-06-12
820260082;ASH AS;5;71.121;AS;;200;konkurs: False
820261542;NARVIK BYGG PROSJEKT AS;2;41.109;AS;;200;konkurs: False
820277902;KVAMSØY FRITIDSBOLIGER AS;0;41.200;AS;;200;konkurs: False
820297032;SEAS ECO AS;0;39.000;AS;;200;konkurs: True
820320832;SKARVHYTTA AS;0;41.200;AS;REINE UTVIKLING AS;200;konkurs: False
820328922;Sentrum Tannklinikk Alta AS;7;86.230;AS;;200;konkurs: False
820365232;HJORTERO EIENDOM AS;0;68.209;AS;FJELLHAMMERVEIEN 11C AS;200;konkurs: False
820365682;PRORES FIELD MANAGEMENT AS;2;09.101;AS;WELL INTERCEPT AS;200;konkurs: False
820370422;BSA BETONGVARE AS;3;46.739;AS;;200;konkurs: False
820375572;CURIE AS;;;AS;;200; slettdato: 2023-01-09
820379942;G3 UTVIKLING AS;0;41.109;AS;;200;konkurs: False
820382722;Jho Maskin Og Transport AS;1;43.120;AS;;200;konkurs: False
820387732;STORMVIND AS;5;70.220;AS;;200;konkurs: False
820390342;PAPIRDESIGN AS;3;74.102;AS;;200;konkurs: False
820404122;FORENINGEN FORTELLINGENS KRAFT;0;94.991;FLI;;200;konkurs: False
820411382;Trondheim Stein AS;4;43.990;AS;;200;konkurs: False
820416112;Vaar AS;11;96.020;AS;;200;konkurs: False
820427092;M&M PROPERTY AS;0;68.209;AS;;200;konkurs: False
820430662;GEO BODØ AS;0;68.209;AS;GEO GRUPPEN AS;200;konkurs: False
820443942;MVR LANDBRUK & VEIDRIFT AS;0;43.120;AS;;200;konkurs: False
820444132;STENVIK POWER GROUP AS;0;35.140;AS;SPG AS;200;konkurs: False
820460642;TETT BYGG AS;;;AS;;200; slettdato: 2022-09-12
820465792;Tregården Restaurant AS;;;AS;;200; slettdato: 2020-10-12
820473752;BALTESKARD BUSS AS;7;49.392;AS;;200;konkurs: False
820479572;COMPETE CONSULTING GROUP AS;0;70.220;AS;;200;konkurs: False
820488512;MØLLER BYGG AS;23;43.330;AS;;200;konkurs: False
820489012;Stavanger-Gynekologene AS;4;86.221;AS;;200;konkurs: False
820489462;BYGGLUND AS;6;41.200;AS;;200;konkurs: False
820501152;Azteko AS;7;56.102;AS;;200;konkurs: False
820506502;WALSETH GÅRD V/ MARIA HERNETKOSKI;4;01.410;ENK;;200;konkurs: False
820511212;JAN HUGO SVENDSEN INVEST AS;0;70.220;AS;;200;konkurs: False
820521692;NORLITA AS;11;46.739;AS;;200;konkurs: False
820530942;Helgeland Hogst AS;4;02.400;AS;;200;konkurs: False
820538692;JMF BYGG OG EIENDOM AS;0;41.200;AS;;200;konkurs: False
820543432;SKARHAUGEN AS;0;68.100;AS;;200;konkurs: False
820548442;Sport Norge Mo i Rana 519 AS;19;47.641;AS;SPORT OUTLET KILDEN 73 AS;200;konkurs: False
820563352;ASPEN PT;;;ENK;;200; slettdato: 2022-10-28
820572882;FRAKKE FOLK AS;0;79.903;AS;;200;konkurs: False
820590082;RISTE ARKITEKTUR AS;2;71.112;AS;;200;konkurs: False
820601882;Leirosen Garasjedrift AS;;;AS;;200; slettdato: 2020-12-16
820602072;KA-SERVICE AS;3;71.129;AS;;200;konkurs: False
820602412;BAGØIEN ENDRING, FOREDRAG- OPPLEVELSER-KURS;0;85.599;ENK;;200;konkurs: False
820604822;INTERKREDITT KAPITAL AS;1;64.920;AS;;200;konkurs: False
820609212;SPETAKKEL FESTIVALEN;0;90.020;FLI;;200;konkurs: False
820618602;Borgebund Bygg AS;1;41.200;AS;;200;konkurs: False
820624262;VKT SUPERCARS AS;0;45.112;AS;;200;konkurs: False
820625692;FLØIEN EIENDOM AS;;;AS;;200; slettdato: 2021-12-10
820627032;AITRAP AS;;;AS;;200; slettdato: 2019-12-12
820649672;TEAM ADMIN AS;9;70.220;AS;;200;konkurs: False
820659112;BLAALID RIV & BYGG AS;;;AS;;200; slettdato: 2021-12-13
820660382;Storheil AS;2;86.902;AS;;200;konkurs: False
820674022;KISTEBUNNEN INVEST AS;0;64.308;AS;;200;konkurs: False
820708652;ZINO HOLDING AS;0;68.209;AS;;200;konkurs: False
820746112;BOLIGRÅDGIVEREN AS;4;41.200;AS;;200;konkurs: False
820759362;Haldorgården AS;0;41.109;AS;;200;konkurs: False
820774582;SANDRAS GRILL V/NINOS NINOS AFRAM MOSHE;4;56.102;ENK;;200;konkurs: False
820800052;NANU MALERFIRMA AS;9;43.341;AS;;200;konkurs: False
820801482;FAYE-LUND GRAPHICS;0;62.010;ENK;;200;konkurs: False
820828682;SØRVÅGEN KYSTFISKE AS;0;03.111;AS;KRANSVIK KYSTFISKE AS;200;konkurs: False
820846532;NORTH OF LYNGEN APARTMENTS AS;5;55.101;AS;;200;konkurs: False
820847032;HJORTERO HYTTER AS;1;41.109;AS;;200;konkurs: False
820848772;SEILET EIENDOM AS;0;41.109;AS;;200;konkurs: False
820862562;VILBERG GRUPPEN AS;0;62.020;AS;;200;konkurs: False
820872622;ML PLENUM AS;24;56.101;AS;;200;konkurs: False
820881192;SANGEETHA JEYABALASINGAM PRASATH;0;86.211;ENK;;200;konkurs: False
820882652;THORHILD WIDVEY CONSULTING AS;0;70.220;AS;;200;konkurs: False
820884892;FAIIR REVISJON DA;0;69.202;DA;;200;konkurs: False
820901312;HV VII Invest Foxtrot AS;0;00.000;AS;;200;konkurs: False
820914872;ALU VINDUER AS;;;AS;;200; slettdato: 2021-10-05
820919092;RAC KANTINEDRIFT AS;;;AS;;200; slettdato: 2022-01-29
820930762;BYGG & VA RÅDGIVEREN AS;;;AS;EKS RØRFORNYING AS;200; slettdato: 2022-11-28
820931262;ENERGI EIENDOM AS;;;AS;;200; slettdato: 2021-11-01
820937422;WICAN REGNSKAP VESTFOLD AS;5;69.201;AS;;200;konkurs: False
820938062;STRØMSVIK OFFSHORE AS;;;AS;;200; slettdato: 2022-03-14
820947592;G1S INVEST AS;0;00.000;AS;;200;konkurs: False
820962052;Aqua Seapro AS;0;03.213;AS;;200;konkurs: True
820963512;PARTNER BERGEN AS;1;68.209;AS;;200;konkurs: False
821007062;OLA BØ;0;62.020;ENK;;200;konkurs: False
821009812;CAV 51 AS;0;68.209;AS;;200;konkurs: False
821015162;BIRGER DIMITRIJ HENRIKSEN;0;80.100;ENK;;200;konkurs: False
821015472;Lantan AS;0;68.209;AS;;200;konkurs: False
821016312;Placht Holding AS;0;68.209;AS;;200;konkurs: False
821032512;K11 Investor AS;0;00.000;AS;;200;konkurs: False
821036372;GREENROOM SOLVOR WIIG;0;31.090;ENK;;200;konkurs: False
821055652;O.K.A HOLDING AS;0;64.308;AS;;200;konkurs: False
821058872;CRO EIENDOM AS;0;68.209;AS;;200;konkurs: False
821059542;VINOTEKET AS;12;56.101;AS;;200;konkurs: False
821066212;RS GLOBAL ENERGY AS;0;70.220;AS;;200;konkurs: False
821072212;HILDRING HAVN AS;;;AS;;200; slettdato: 2020-12-03
821090822;COWORX MANDAL AS;0;68.209;AS;;200;konkurs: False
821091942;LA MASKIN AS;0;81.299;AS;;200;konkurs: False
821094682;Startuplab Founders AS;0;00.000;AS;STARTUPLAB FOUNDERS FUND III AS;200;konkurs: False
821107342;TAMAJ AS;;;AS;;200; slettdato: 2022-12-05
821109582;Proff Gruppen Bygg AS;;;AS;;200; slettdato: 2022-11-10
821126932;Gsj Invest AS;1;86.211;AS;;200;konkurs: False
821135982;SJ FISK AS;0;03.111;AS;;200;konkurs: False
821149282;EIDISSEN CODEX AS;;;AS;;200; slettdato: 2022-11-28
821154502;Smart Arctic AS;;;AS;;200; slettdato: 2022-07-18
821160022;Strendene Utviklingsselskap AS;;;AS;;200; slettdato: 2022-09-22
821167922;NOA AS;2;62.010;AS;;200;konkurs: False
821168082;STRANDHOLMEN AS;0;41.109;AS;;200;konkurs: False
821178282;PRITEX AS;4;82.110;AS;;200;konkurs: False
821180252;GS TRANSPORT SJAFKAT ASIF GONDAL;;;ENK;;200; slettdato: 2020-06-03
821182042;SVALBARD KYSTFISKE AS;;;AS;;200; slettdato: 2020-11-30
821193842;Therese Kjøreskole AS;1;85.530;AS;THERESES TRAFIKKSKOLE AS;200;konkurs: False
821196922;AveXis Switzerland GmbH;0;46.460;NUF;NOVARTIS GENE THERAPIES SWITZERLAND GMBH;200;konkurs: False
821198062;BLÅMYRA AS;3;74.102;AS;;200;konkurs: False
821199832;BIRKELAND TOTALENTREPRENØR AS;4;41.200;AS;ØSTLANDSKE BYGG AS;200;konkurs: False
821205522;PRAELIA AS;1;46.693;AS;;200;konkurs: False
821209862;NORA HAGFORS INTERIØRARKITEKTUR AS;1;74.103;AS;;200;konkurs: False
821219612;TANNKLINIKKEN MARISOL & KALDHEIM AS;6;86.230;AS;;200;konkurs: False
821228182;MB BYGG AS;0;41.200;AS;;200;konkurs: False
821249902;Hov Eiendom og Utleie AS;0;68.100;AS;;200;konkurs: False
821255112;Madame Beauté Cristina Ioana Ionita Skjæveland;0;96.040;ENK;;200;konkurs: False
821284732;HAMNAHOLMEN MARINA AS;;;AS;;200; slettdato: 2021-09-20
821306272;AMUNDSEN BAD & FLIS;;;ENK;;200; slettdato: 2022-02-17
821307872;ASBJØRNSEN BYGG;;;ENK;;200; slettdato: 2021-02-09
821332532;ROBOTIC TOWBARS AS;;;AS;;200; slettdato: 2020-12-23
821336112;BIOFOREDLING AS;0;47.990;AS;;200;konkurs: False
821351952;TERNEN UTBYGGING AS;0;41.109;AS;;200;konkurs: False
821356172;SAMEIET HVETEVEGEN BKS7;0;;ESEK;;200;konkurs: False
821374502;POSITIV KOMPETANSE NORGE AS;2;78.100;AS;;200;konkurs: False
821377242;A MONCLAIR;0;53.200;ENK;MONCLAIR TRANSPORT;200;konkurs: False
821406382;AGK AS;1;70.220;AS;;200;konkurs: False
821408172;FLORØ MOTE AS;4;47.710;AS;;200;konkurs: False
821422442;MERAKI FRISØR AS;4;96.020;AS;;200;konkurs: False
821430062;GRAVALID HOLDING AS;0;68.209;AS;;200;konkurs: False
821435412;JOACHIM BANG;0;43.320;ENK;;200;konkurs: False
821439132;BENT R. BERGER AS;0;71.129;AS;;200;konkurs: False
821451442;TBK JENSEN;1;01.420;ENK;;200;konkurs: False
821453402;SAMEIET AUREOSEN BRYGGE;0;;ESEK;;200;konkurs: False
821456002;AURSNES & PARTNERS EIENDOMSMEGLING ÅLESUND AS;;;AS;;200; slettdato: 2021-09-23
821465362;STENSAAS CONSULTING;0;62.020;ENK;;200;konkurs: False
821469902;KVITFJELLTOPPEN SAMEIERFORENING (KSF);0;94.991;FLI;;200;konkurs: False
821479762;ANDERS SKJOLDSVEI 26,28,30,32 OG 34;0;;ESEK;SAMEIET ANDERS SKJOLDS VEI 26,28,30,32 OG 34;200;konkurs: False
821493412;SULDAL SERVICE AS;19;78.200;AS;;200;konkurs: False
821512662;Lassen Fjordfisk;0;03.111;ENK;;200;konkurs: False
821515432;KAPP SECURITIES AS;;;AS;;200; slettdato: 2022-08-30
821523222;SILHUETT SYKKYLVEN AS;5;47.710;AS;;200;konkurs: False
821532752;FORENINGSGATEN 1 AS;0;68.209;AS;;200;konkurs: False
821533112;Snekker R. Ness AS;;;AS;;200; slettdato: 2022-04-25
821542332;LUNA HANDEL AS;;;AS;;200; slettdato: 2022-04-28
821553962;EIERSEKSJONSSAMEIET EPLEHAGEN;0;;ESEK;;200;konkurs: False
821568242;VAMO AS;0;03.111;AS;;200;konkurs: False
821569222;KONGSVINGER EIENDOM HOLDING AS;1;68.209;AS;;200;konkurs: False
821578582;SPESIALISTKLINIKKEN HAUGESUND AVDELING HUD ULRICH CHRISTIAN BIER;0;86.221;ENK;;200;konkurs: False
821581222;KRATHE HELSE AS;1;86.909;AS;;200;konkurs: False
821586992;PART OF AS;0;70.220;AS;;200;konkurs: False
821588782;GRÜNDERKLUBBEN AS;;;AS;GK KAMPANJE AS;200; slettdato: 2022-07-09
821609402;MINGE CONSULTING;0;43.221;ENK;;200;konkurs: False
821620392;HUG BETONG AS;24;68.209;AS;;200;konkurs: False
821625122;ODDGEIR OLSTAD E70;2;49.320;ENK;;200;konkurs: False
821635462;GP SYSTEMS AS;4;41.200;AS;;200;konkurs: False
821638402;LANDBRUKMEDMEIR ARNE KRINGLEN;0;02.200;ENK;;200;konkurs: False
821641802;Mistel Accounting AS;4;69.201;AS;;200;konkurs: False
821648092;NORSEATECH AS;;;AS;;200; slettdato: 2022-01-05
821661072;BOI GREFSEN 1 AS;;;AS;;200; slettdato: 2020-07-08
821663482;Memento Network Services AS;;;AS;;200; slettdato: 2023-01-23
821664462;NIPA HOLDING AS;0;71.129;AS;NIPA LIPA AS;200;konkurs: False
821668832;GRANVOLL EIENDOM AS;0;41.109;AS;;200;konkurs: False
821674662;ABL SKIN AS;;;AS;;200; slettdato: 2022-08-03
821675022;GRØNLIA AS;0;41.109;AS;;200;konkurs: False
821696232;Lofoten takst AS;4;74.901;AS;;200;konkurs: False
821700922;ADDERO AS;8;69.201;AS;;200;konkurs: False
821703522;Brevetti Nordic AS;2;46.691;AS;;200;konkurs: False
821710022;FENNE MASKIN;0;43.120;ENK;;200;konkurs: False
821723442;SRS MASKIN & LANDBRUK AS;17;43.120;AS;;200;konkurs: False
821723922;Balanse Eigedom AS;;;AS;;200; slettdato: 2021-01-27
821729432;TELLA AS;2;71.129;AS;;200;konkurs: False
821734452;GOFORIT AS;12;47.721;AS;;200;konkurs: False
821741602;MOLNES SEAFOOD AS;;;AS;;200; slettdato: 2021-07-26
821743842;L. SVARTDAL INVEST AS;1;64.308;AS;;200;konkurs: False
821749492;Kaman AS;3;66.220;AS;;200;konkurs: False
821756162;Deif Norge AS;10;46.180;AS;;200;konkurs: False
821763622;Bergh Consulting;;;ENK;;200; slettdato: 2020-12-02
821777062;Get Accept AS;2;58.290;AS;GETACCEPT AS;200;konkurs: False
821785022;VARANGER TRAFIKKSKOLE AS;0;85.530;AS;;200;konkurs: False
821788862;HEADLOCK INVEST AS;0;00.000;AS;;200;konkurs: False
821792282;TREBYGG SØR AS;;;AS;;200; slettdato: 2022-11-16
821800382;SOURTÀ EIENDOM AS;0;68.100;AS;SUORTÀ EIENDOM AS;200;konkurs: False
821800412;SUORTÀ INVEST AS;0;00.000;AS;;200;konkurs: False
821829682;MOBMAN AS;0;71.129;AS;MOBMAN HOLDING AS;200;konkurs: False
821842972;ARWA AUTO SERVICE NAEL ABDULHAKIM ABUSHANAB;0;45.112;ENK;;200;konkurs: False
821845262;ATL AS;18;78.200;AS;;200;konkurs: False
821846242;SNEKKER HOLDING AS;0;43.320;AS;;200;konkurs: False
821862132;AURDAL TAXI;0;49.320;ENK;;200;konkurs: False
821888522;Huddlestock Fintech AS;3;62.010;AS;;200;konkurs: False
821889472;ECO STOR AS;17;72.190;AS;;200;konkurs: False
821903092;FROM AS;;;AS;FROM II AS;200; slettdato: 2021-07-03
821926122;APOLLÔN II AS;1;86.211;AS;;200;konkurs: False
821962412;H.H. EIENDOM AS;0;68.209;AS;;200;konkurs: False
821968402;ADVOKATFIRMAET MØLLER AS;6;69.100;AS;;200;konkurs: False
821971462;Hexeberg Holding AS;2;43.120;AS;;200;konkurs: False
821992192;ASF HOLDING AS;0;64.308;AS;;200;konkurs: False
821998662;OMEGA Tek AS;0;46.694;AS;;200;konkurs: False
822017002;MODAL AKTIVA AS;0;64.308;AS;;200;konkurs: False
822017762;Sandefjord Betongsaging AS;;;AS;;200; slettdato: 2021-09-06
822021662;Asfalt-Industri AS;11;33.120;AS;VALHALL-INDUSTRI AS;200;konkurs: False
822024742;ADVOKATFIRMAET ØSTVIK AS;;;AS;;200; slettdato: 2022-12-27
822031102;SVENSK EL-KVALITÈ AS;0;43.210;AS;;200;konkurs: False
822046282;R HANSEN CONSULTING;0;70.220;ENK;;200;konkurs: False
822047572;HV VII Invest Foxtrot II AS;;;AS;;200; slettdato: 2020-12-08
822053602;TORIL N. JAREN AS;1;86.211;AS;;200;konkurs: False
822055362;HR NORDIC BIDCO AS;3;63.110;AS;TALENTECH GROUP AS;200;konkurs: False
822059902;MIINT INTERNATIONAL R.SIKORA;;;ENK;;200; slettdato: 2022-03-22
822067662;BOLIG FOR FOLKET AS;0;41.109;AS;;200;konkurs: False
822076882;MA AKTIVA AS;0;64.308;AS;;200;konkurs: False
822082432;REINEBRINGEN SPORT AS;0;47.641;AS;;200;konkurs: False
822088422;ØKSNES MØBELSENTER AS;6;46.471;AS;;200;konkurs: False
822096972;TRYGGE BARN 2.0 AS;4;85.599;AS;;200;konkurs: False
822105262;Tnv Holding AS;0;70.220;AS;;200;konkurs: False
822111432;HJELPEMIDLER ØST AS;1;46.460;AS;;200;konkurs: False
822122922;LINDA STUHAUG AS;1;90.035;AS;;200;konkurs: False
822123562;CLAQ AS;0;69.203;AS;;200;konkurs: False
822155022;JYW AS;2;81.210;AS;;200;konkurs: False
822168132;ELDØY AS;0;85.599;AS;;200;konkurs: False
822168752;Sport Outlet Narvik 70 AS;9;47.641;AS;;200;konkurs: False
822171982;VINDU & HÅNDVERK AS;4;46.739;AS;;200;konkurs: False
822193722;MUDO GYM NOTODDEN AS;;;AS;;200; slettdato: 2021-02-06
822198422;BERG-JENSEN INVEST AS;0;41.109;AS;;200;konkurs: False
822200702;LENE FRIBERG-MASSASJETERAPEUT AS;1;86.909;AS;;200;konkurs: False
822205682;Mg Tech AS;0;62.010;AS;;200;konkurs: False
822207812;VISIT ALTA AS;1;79.901;AS;;200;konkurs: False
822213022;Vognveien 43 AS;0;41.200;AS;;200;konkurs: False
822219802;FRISØRSALONG LILLE MARIA IDZANOVIC;;;ENK;;200; slettdato: 2021-01-18
822221742;GULLE EIENDOM AS;0;68.209;AS;;200;konkurs: False
822234372;Monica Kolseth;;;ENK;;200; slettdato: 2022-03-07
822235182;AM SKOGSDRIFT AS;2;02.200;AS;;200;konkurs: False
822244572;MAP CO OSLO AS;0;41.200;AS;;200;konkurs: False
822245242;KRAMSJØ AS;9;56.101;AS;;200;konkurs: False
822249892;Skolegata 14-16 AS;0;68.209;AS;;200;konkurs: False
822264042;47Bygg AS;2;41.200;AS;;200;konkurs: False
822298362;Sandel Toader Transport;;;ENK;;200; slettdato: 2021-05-27
822299792;ROGALAND HUS OG HAGE AS;;;AS;;200; slettdato: 2021-11-10
822304842;MDP AS;;;AS;;200; slettdato: 2021-06-14
822349072;VETERINÆRVIKAREN AS;0;75.000;AS;;200;konkurs: False
822349242;NORINNOVA NARVIK AS;0;62.020;AS;;200;konkurs: False
822352332;TØMRER IVAR BAKKEN-BERG;0;41.200;ENK;;200;konkurs: False
822355102;Ki-Tech Global AS;0;00.000;AS;;200;konkurs: False
822363792;Hansnes Fisk AS;0;03.111;AS;;200;konkurs: False
822364632;MORGENSTJERNEN TRIVSELSBOLIG AS;3;68.209;AS;MORGENSTJERNEN HELSEBOLIG AS;200;konkurs: False
822365582;Larsnes Holding AS;0;45.200;AS;;200;konkurs: False
822375952;Det Glutenfrie Verksted AS;3;46.769;AS;;200;konkurs: False
822396992;SHIPSHAVE AS;11;71.129;AS;;200;konkurs: False
822403972;EVO PARTNERS AS;0;70.220;AS;;200;konkurs: False
822406742;MARMAG HENRIKSEN;0;43.320;ENK;;200;konkurs: False
822433502;Mari Staveland AS;1;70.220;AS;;200;konkurs: False
822538452;Cathrines Alternativ AS;3;96.090;AS;;200;konkurs: False
822585582;DR KYSTFISKE AS;0;03.111;AS;;200;konkurs: False
822595332;LOS TACOS LØKKA AS;22;56.101;AS;;200;konkurs: False
822611362;Ola Pettersen;0;41.200;ENK;;200;konkurs: False
822611672;BLIKOM MEKANISKE;;;ENK;;200; slettdato: 2022-09-01
822633242;HELGELAND OPPLEVELSER AS;1;79.903;AS;ADVENTURE HELGELAND AS;200;konkurs: False
822652662;Sebari Motor AS;0;45.112;AS;;200;konkurs: False
822667422;BYGGTJENESTER HADELAND AS;1;41.200;AS;;200;konkurs: False
822695302;E&C TØMRERTJENESTER AS;2;41.200;AS;;200;konkurs: False
822698042;Gnist Ratvika Eiendom AS;;;AS;PPP RATVIKA EIENDOM AS;200; slettdato: 2020-04-28
822706592;Norwaste AS;9;71.129;AS;;200;konkurs: False
822706762;XIN AS;1;71.129;AS;;200;konkurs: False
822708862;BJØRGESÆTRA UTVIKLING AS;0;68.100;AS;;200;konkurs: False
822712452;FOCUS KAFE AS;13;56.101;AS;;200;konkurs: False
822719392;Mantiz AS;0;62.020;AS;;200;konkurs: False
822723802;CIVIL GROUP AS;0;70.220;AS;;200;konkurs: False
822724752;SALTVIK MEKANISKE AS;0;25.110;AS;;200;konkurs: True
822742122;Sætre Eiendomsinvest AS;0;68.209;AS;;200;konkurs: False
822745512;Andreas Jahr AS;;;AS;;200; slettdato: 2020-12-09
822750192;LØKKACATERING AS;2;56.210;AS;;200;konkurs: False
822753892;Kabelvåg Regnskap AS;3;69.201;AS;;200;konkurs: False
822772412;NORDRE SØRØYA RORBUER AS;4;68.209;AS;;200;konkurs: False
822772552;Kvinnherad Fjordresort AS;0;68.209;AS;;200;konkurs: False
822773052;ALTA RENHOLD AS;;;AS;;200; slettdato: 2021-09-25
822773532;FURULUND MASKIN ENTREPRENØR AS;1;43.120;AS;;200;konkurs: False
822790232;SKODVIN GARD 96/3 ØYVIND FESTE;0;01.110;ENK;;200;konkurs: False
822810152;SLOTTSFJELLET INVEST AS;0;68.209;AS;CAMALETRI EIENDOM AS;200;konkurs: False
822828132;LYGREGÅRDEN EIENDOM AS;0;68.209;AS;;200;konkurs: True
822835872;D-LIGHT AS;0;47.990;AS;;200;konkurs: False
822845932;RUND BAUT AS;1;70.220;AS;;200;konkurs: False
822851932;KAIA HEGRE AS;0;01.430;AS;;200;konkurs: False
822875912;Oddleiv Sæle Konsult AS;0;70.220;AS;;200;konkurs: False
822880312;CLAY FILLER UTLEIE PÅL-EIRIK SEDOLFSEN;0;68.209;ENK;;200;konkurs: False
822884512;PANDORA-NORGE JOHN PETTER THINGSTAD;0;26.700;ENK;;200;konkurs: False
822886582;PIXERY MEDIA NORWAY AS;2;62.090;AS;;200;konkurs: False
822903312;SPIRE INNOVASJON AS;2;70.220;AS;;200;konkurs: False
822904602;JEGERS SERVICEBUREAU AS;2;81.101;AS;;200;konkurs: False
822904882;ED SOLUTIONS AS;3;70.220;AS;;200;konkurs: False
822906222;HUSTADVIKA TRAFIKKSKOLE AS;2;85.530;AS;;200;konkurs: False
822907172;KJELVIKSPILLET AS;0;90.012;AS;;200;konkurs: False
822917372;FUZZY MOLDE AS;10;56.101;AS;;200;konkurs: False
822927602;SQT AS;8;77.390;AS;;200;konkurs: False
822928552;WEX APARTMENTS AS;6;55.101;AS;WEX HOTELS AS;200;konkurs: False
822939562;VERO BYGG EIENDOM AS;0;68.209;AS;;200;konkurs: False
822941222;CIVIL MANAGEMENT AS;6;71.121;AS;;200;konkurs: False
822953972;NRGIZE AS;;;AS;;200; slettdato: 2021-09-29
822960472;TORGERSEN LANGGATEN 38;0;68.209;ENK;;200;konkurs: False
822965962;HATCH ACCELERATOR FUND AS;0;00.000;AS;;200;konkurs: False
822969062;Oppsving Eiendom AS;0;68.209;AS;;200;konkurs: False
822981712;TASTE OF THAI AS;1;56.102;AS;;200;konkurs: False
822989152;Nordre Torv 6 AS;0;68.209;AS;;200;konkurs: False
823010702;MATHISEN HUS & HYTTESERVICE OLE JOHAN MATHISEN;;;ENK;;200; slettdato: 2020-09-23
823011512;Orvei Invest AS;0;00.000;AS;;200;konkurs: False
823017022;ØLØL AS;5;46.349;AS;;200;konkurs: False
823048912;LJ ERVIK CONSULTING;;;ENK;;200; slettdato: 2021-12-30
823070632;VIK BYGGSERVICE AS;8;41.200;AS;;200;konkurs: False
823073232;ESPEN SIMENSEN HOLDING AS;0;62.010;AS;;200;konkurs: False
823099002;KREKLING CONSULTING AS;1;85.599;AS;;200;konkurs: False
823119542;JAKOBSEN MEKANISKE VERKSTED DRIFT AS;6;33.150;AS;;200;konkurs: False
823130422;HELGELAND REVISJON AS;7;69.202;AS;;200;konkurs: False
823131542;DANIEL PLURA SNEKKERSERVICE AS;1;41.200;AS;;200;konkurs: False
823145802;STILLAS1 AS;25;43.990;AS;;200;konkurs: False
823149972;RYDMARKGÅRDEN & CO AS;0;68.209;AS;;200;konkurs: False
823160712;JOBBUTSTYR AS;1;46.421;AS;;200;konkurs: False
823163762;HABO-EIENDOM AS;;;AS;;200; slettdato: 2022-02-08
823169442;STRYN HOUSE APARTMENTS AS;2;55.102;AS;FLIK EIENDOM AS;200;konkurs: False
823171382;BESITY AS;1;70.220;AS;;200;konkurs: False
823176732;EXCESS HOLDING AS;;;AS;;200; slettdato: 2021-01-15
823187912;OPTUS AS;8;73.110;AS;CREATIVE HEADS AS;200;konkurs: False
823194552;Sentrum Regnskap Edina Brohier;;;ENK;EDINA BROHIER;200; slettdato: 2020-07-24
823197942;ØVRE 2 AS;0;68.209;AS;;200;konkurs: False
823212852;UGLE EIENDOM AS;0;68.209;AS;IH3 EIENDOM AS;200;konkurs: False
823219342;Ulrix Personal AS;8;78.200;AS;;200;konkurs: False
823231032;AASLAND AS;0;70.220;AS;;200;konkurs: False
823242352;Blomsterteltet Tynset AS;3;47.761;AS;;200;konkurs: False
823244002;H. HOLMEBAKKEN AS;2;43.990;AS;;200;konkurs: False
823251602;FOSSHEIM TURISTHOTELL AS;37;55.101;AS;;200;konkurs: False
823256272;Endretta AS;0;93.190;AS;;200;konkurs: False
823261152;KNIKSEN SPORTSBAR OASEN AS;25;56.301;AS;;200;konkurs: False
823261292;SLØRDAHL BYGGSERVICE AS;2;43.990;AS;;200;konkurs: False
823321902;ARCTIC LOGISTICS AS;0;70.220;AS;;200;konkurs: False
823323492;BEAUTY BY ANNA AS;4;96.020;AS;;200;konkurs: False
823336772;Hjelsethgården Martin L. Hjelseth;;;ENK;;200; slettdato: 2020-10-23
823378882;SØR TECH AS;2;33.120;AS;;200;konkurs: False
823388152;SCITUS AS;1;71.129;AS;;200;konkurs: False
823393342;RNP E2 AS;0;68.209;AS;;200;konkurs: False
823400632;Kokstadflaten Utleie AS;0;68.209;AS;;200;konkurs: False
823404522;SKYSET UTBYGGING AS;0;41.109;AS;;200;konkurs: False
823414862;NORTHCON NORGE AS;;;AS;;200; slettdato: 2022-11-09
823417942;Skjoldingsneset Eiendom AS;0;68.209;AS;;200;konkurs: False
823421192;Sandblåsing Metallisering Og Overflatebehandling AS;1;25.620;AS;;200;konkurs: False
823441142;Dokka Farge Og Miljø AS;15;47.523;AS;;200;konkurs: False
823450982;DEVOLD CONSULTING AS;13;69.201;AS;;200;konkurs: False
823458452;THAI SABAI MASSASJE AS;0;96.040;AS;;200;konkurs: False
823459602;BANKEN CAFÈ AS;18;56.101;AS;;200;konkurs: False
823479522;SÆVEREID CONSULTING AS;1;62.010;AS;;200;konkurs: False
823479662;INVESTAD AS;1;70.220;AS;;200;konkurs: False
823480652;LH OG SØNN AS;0;47.990;AS;;200;konkurs: False
823485352;Drabløs Bygg;0;41.200;ENK;;200;konkurs: False
823554052;Bare 3 AS;5;46.739;AS;;200;konkurs: False
823566042;UNDERDAL MASKIN;;;ENK;;200; slettdato: 2022-08-19
823567952;Kids Og Kaffe AS;15;56.101;AS;;200;konkurs: False
823577842;REFSTADVEIEN 22 AS;0;68.209;AS;;200;konkurs: False
823600372;PAXON HAUGESUND AS;11;71.121;AS;;200;konkurs: False
823617232;HALLERUD CONSULTING AS;2;70.220;AS;;200;konkurs: False
823624182;Tasteful Foods Norway AS;1;46.390;AS;;200;konkurs: False
823627432;MERKURPOS AS;0;62.010;AS;;200;konkurs: False
823633882;EBUTIKKEN UTVIKLING AS;0;62.010;AS;;200;konkurs: False
